{
  "source": "./src",
  "destination": "./docs",
  "plugins": [
    { "name": "esdoc-node" },
    { "name": "esdoc-ecmascript-proposal-plugin", "option": { "all": true } },
    {
      "name": "esdoc-standard-plugin",
      "option": {
        "lint": { "enable": true },
        "coverage": { "enable": true },
        "accessor": {
          "access": ["public", "protected", "private"],
          "autoPrivate": true
        },
        "undocumentIdentifier": { "enable": true },
        "unexportedIdentifier": { "enable": false },
        "typeInference": { "enable": true },
        "brand": {
          "logo": "./src/assets/logo.png",
          "title": "MUX",
          "description": "Mux Node SDK",
          "repository": "https://github.com/muxinc/mux-node-sdk",
          "site": "http://mux.com"
        },
        "manual": {
          "index": "./manual/index.md",
          "globalIndex": true,
          "files": ["./manual/overview.md"]
        },
        "test": {
          "source": "./test/",
          "interfaces": ["describe", "it", "context", "suite", "test"],
          "includes": ["(spec|Spec|test|Test)\\.js$"],
          "excludes": ["\\.config\\.js$"]
        }
      }
    }
  ]
}
